5DlCyqLyX2AOVDTjjkDZ8x @ Richie
02FzJbHtqElixxCmrpSCUa @ Richie
02i59gYdjlhBmbbWhf8YuK @ Richie
06NUxS2XL3efRh0bloxkHm @ Richie
07jrRR1CUUoPb1FLfSy9Jh @ Richie
aragao1 @ Aragão
araguao2 @ Aragão
araguao3 @ Aragão
bispo1 @ Bispo
bispo2 @ Bispo
bispo3 @ Bispo
bispo4 @ Bispo
bispo5 @ Bispo
dillaz1 @ Dillaz
dillaz2 @ Dillaz
dillaz3 @ Dillaz
Julinho1 @ JulinhoKSD
Julinho2 @ JulinhoKSD
Julinho3 @ JulinhoKSD
Julinho4 @ JulinhoKSD
Julinho5 @ JulinhoKSD
JustFly1 @ Jvst Fly
Bluray1 @ Bluray
Plutonio1 @ Plutonio
Plutonio2 @ Plutonio
Plutonio3 @ Plutonio
Plutonio4 @ Plutonio
Ronny1 @ RonnyFuego
wet1 @ Wet Bed Gang
wet2 @ Wet Bed Gang
phoenix123 @ Phoenix
domingues1 @ Domingues
domingues2 @ Domingues